{
  "cash": 200.0032000000006,
  "start_cash": 200.0,
  "realized_pnl": 0.003200000000589398,
  "peak_equity": 233.67360000000048,
  "shots": 2896,
  "wins": 1262,
  "losses": 1634,
  "blocked_size": 975
}