{
  "cash": 23.07000000000003,
  "start_cash": 20.0,
  "realized_pnl": 3.0700000000000287,
  "peak_equity": 23.19000000000003,
  "shots": 87,
  "wins": 46,
  "losses": 41,
  "blocked_size": 0
}