{
  "cash": 19.920699999999993,
  "start_cash": 20.0,
  "realized_pnl": -0.07930000000000703,
  "peak_equity": 22.0548,
  "shots": 71,
  "wins": 41,
  "losses": 30,
  "blocked_size": 0
}