{
  "cash": 22.529999999999998,
  "start_cash": 20.0,
  "realized_pnl": 2.5299999999999976,
  "peak_equity": 22.529999999999998,
  "shots": 31,
  "wins": 20,
  "losses": 11,
  "blocked_size": 0
}