{
  "cash_usdc": 0.599999999999234,
  "up_balance": 0.0,
  "down_balance": 0.0,
  "realized_pnl": -199.40000000000077,
  "fills": 782,
  "merges": 171,
  "markets_resolved": 12
}