{
  "cash": 9.69191548493775,
  "start_cash": 20.0,
  "realized_pnl": -10.30808451506225,
  "peak_equity": 59.96285171000011,
  "shots": 2294,
  "wins": 963,
  "losses": 1331,
  "blocked_size": 0
}