{
  "cash": 15.281656920000216,
  "start_cash": 20.0,
  "realized_pnl": -4.718343079999784,
  "peak_equity": 21.584098300000022,
  "shots": 1686,
  "wins": 693,
  "losses": 993,
  "blocked_size": 0
}