{
  "cash": 8.56995073486,
  "start_cash": 20.0,
  "realized_pnl": -11.43004926514,
  "peak_equity": 36.87548373486,
  "shots": 39,
  "wins": 19,
  "losses": 20,
  "blocked_size": 0
}