{
  "cash": 249.23700290696,
  "start_cash": 20.0,
  "realized_pnl": 229.23700290696,
  "peak_equity": 249.23700290696,
  "shots": 64,
  "wins": 59,
  "losses": 5,
  "blocked_size": 0
}