{
  "cash": 22.753825999999997,
  "start_cash": 20.0,
  "realized_pnl": 2.7538259999999966,
  "peak_equity": 28.332514999999997,
  "shots": 16,
  "wins": 10,
  "losses": 6,
  "blocked_size": 0
}